table,column,dtype,missing_count,missing_percent,distinct_nonmissing
movies,movieId,int64,0,0.0,9082
movies,tmdbId,int64,0,0.0,9082
movies,imdb_id,str,0,0.0,9082
movies,title,str,0,0.0,8809
movies,original_title,str,0,0.0,8841
movies,original_language,str,0,0.0,42
movies,release_date,str,0,0.0,6002
movies,runtime,float64,0,0.0,235
movies,budget,int64,0,0.0,599
movies,revenue,float64,0,0.0,4555
movies,popularity,float64,0,0.0,9078
movies,vote_average,float64,0,0.0,72
movies,vote_count,float64,0,0.0,1732
movies,genres,str,0,0.0,1711
movies,production_companies,str,0,0.0,6130
movies,production_countries,str,0,0.0,693
movies,adult,bool,0,0.0,1
movies,status,str,2,0.02,4
movies,genres_list,str,35,0.39,1694
movies,primary_genre,str,35,0.39,20
movies,release_year,int64,0,0.0,103
ratings,userId,int64,0,0.0,671
ratings,movieId,int64,0,0.0,9025
ratings,rating,float64,0,0.0,10
ratings,timestamp,int64,0,0.0,77979
ratings,rating_datetime,datetime64[us],0,0.0,77979
links,movieId,int64,0,0.0,9125
links,imdbId,int64,0,0.0,9125
links,tmdbId,float64,13,0.14,9112
credits,tmdbId,int64,0,0.0,9082
credits,director,str,24,0.26,3601
credits,top_cast,str,90,0.99,8837
keywords,tmdbId,int64,0,0.0,9082
keywords,keywords_list,str,761,8.38,7951
